{
    "symbol": [
        {
            "variables": {
                "number": {
                    "type": "integer",
                    "line": 18
                }
            },
            "functions": {
                "writeint": {
                    "type": "null",
                    "parameters": [
                        {
                            "type": "integer",
                            "name": "nr",
                            "line": 3,
                            "symbol": 1
                        }
                    ],
                    "statements": [
                        {
                            "type": "empty"
                        }
                    ],
                    "symbol": 1,
                    "line": 6
                },
                "writechar": {
                    "type": "null",
                    "parameters": [
                        {
                            "type": "character",
                            "name": "char",
                            "line": 8,
                            "symbol": 2
                        }
                    ],
                    "statements": [
                        {
                            "type": "empty"
                        }
                    ],
                    "symbol": 2,
                    "line": 11
                },
                "readint": {
                    "type": "integer",
                    "parameters": [],
                    "statements": [
                        {
                            "type": "empty"
                        }
                    ],
                    "symbol": 3,
                    "line": 16
                },
                "base16": {
                    "type": "null",
                    "parameters": [
                        {
                            "type": "integer",
                            "name": "number",
                            "line": 20,
                            "symbol": 4
                        }
                    ],
                    "statements": [
                        {
                            "id": "def",
                            "elements": [
                                {
                                    "type": "integer",
                                    "title": "a",
                                    "line": 22
                                }
                            ],
                            "line": 22,
                            "symbol": 4
                        },
                        {
                            "id": "if",
                            "exp": {
                                "id": "exp",
                                "op": ">",
                                "left": {
                                    "id": "identifier",
                                    "title": "number",
                                    "line": 23,
                                    "symbol": 4,
                                    "type": "integer"
                                },
                                "right": {
                                    "id": "value",
                                    "type": "integer",
                                    "value": 0,
                                    "line": 23,
                                    "symbol": 4
                                },
                                "line": 23,
                                "symbol": 4,
                                "type": "logic"
                            },
                            "then": [
                                {
                                    "id": "function_call",
                                    "function": "base16",
                                    "parameters": {
                                        "number": {
                                            "id": "exp",
                                            "op": "/",
                                            "left": {
                                                "id": "identifier",
                                                "title": "number",
                                                "line": 24,
                                                "symbol": 4,
                                                "type": "integer"
                                            },
                                            "right": {
                                                "id": "value",
                                                "type": "integer",
                                                "value": 16,
                                                "line": 24,
                                                "symbol": 4
                                            },
                                            "line": 24,
                                            "symbol": 4,
                                            "type": "integer"
                                        }
                                    },
                                    "line": 24,
                                    "symbol": 4,
                                    "type": "null"
                                },
                                {
                                    "id": "set",
                                    "to": {
                                        "id": "identifier",
                                        "title": "a",
                                        "line": 25,
                                        "symbol": 4,
                                        "type": "integer"
                                    },
                                    "from": {
                                        "id": "exp",
                                        "op": "mod",
                                        "left": {
                                            "id": "identifier",
                                            "title": "number",
                                            "line": 25,
                                            "symbol": 4,
                                            "type": "integer"
                                        },
                                        "right": {
                                            "id": "value",
                                            "type": "integer",
                                            "value": 16,
                                            "line": 25,
                                            "symbol": 4
                                        },
                                        "line": 25,
                                        "symbol": 4,
                                        "type": "integer"
                                    },
                                    "line": 25,
                                    "symbol": 4
                                },
                                {
                                    "id": "if",
                                    "exp": {
                                        "id": "exp",
                                        "op": ">=",
                                        "left": {
                                            "id": "identifier",
                                            "title": "a",
                                            "line": 26,
                                            "symbol": 4,
                                            "type": "integer"
                                        },
                                        "right": {
                                            "id": "value",
                                            "type": "integer",
                                            "value": 10,
                                            "line": 26,
                                            "symbol": 4
                                        },
                                        "line": 26,
                                        "symbol": 4,
                                        "type": "logic"
                                    },
                                    "then": [
                                        {
                                            "id": "function_call",
                                            "function": "writechar",
                                            "parameters": {
                                                "char": {
                                                    "id": "exp",
                                                    "op": "-",
                                                    "left": {
                                                        "id": "exp",
                                                        "op": "+",
                                                        "left": {
                                                            "id": "value",
                                                            "type": "character",
                                                            "value": "a",
                                                            "line": 27,
                                                            "symbol": 4
                                                        },
                                                        "right": {
                                                            "id": "identifier",
                                                            "title": "a",
                                                            "line": 27,
                                                            "symbol": 4,
                                                            "type": "integer"
                                                        },
                                                        "line": 27,
                                                        "symbol": 4,
                                                        "type": "integer"
                                                    },
                                                    "right": {
                                                        "id": "value",
                                                        "type": "integer",
                                                        "value": 10,
                                                        "line": 27,
                                                        "symbol": 4
                                                    },
                                                    "line": 27,
                                                    "symbol": 4,
                                                    "type": "integer"
                                                }
                                            },
                                            "line": 27,
                                            "symbol": 4,
                                            "type": "null"
                                        }
                                    ],
                                    "else": [
                                        {
                                            "id": "function_call",
                                            "function": "writechar",
                                            "parameters": {
                                                "char": {
                                                    "id": "exp",
                                                    "op": "+",
                                                    "left": {
                                                        "id": "value",
                                                        "type": "character",
                                                        "value": "0",
                                                        "line": 29,
                                                        "symbol": 4
                                                    },
                                                    "right": {
                                                        "id": "identifier",
                                                        "title": "a",
                                                        "line": 29,
                                                        "symbol": 4,
                                                        "type": "integer"
                                                    },
                                                    "line": 29,
                                                    "symbol": 4,
                                                    "type": "integer"
                                                }
                                            },
                                            "line": 29,
                                            "symbol": 4,
                                            "type": "null"
                                        }
                                    ],
                                    "line": 30,
                                    "symbol": 4
                                }
                            ],
                            "line": 31,
                            "symbol": 4
                        }
                    ],
                    "symbol": 4,
                    "line": 32
                }
            },
            "types": {},
            "type": "module"
        },
        {
            "variables": {},
            "functions": {},
            "types": {},
            "parent": 0,
            "type": "function",
            "function": "writeint",
            "return_type": "null"
        },
        {
            "variables": {},
            "functions": {},
            "types": {},
            "parent": 0,
            "type": "function",
            "function": "writechar",
            "return_type": "null"
        },
        {
            "variables": {},
            "functions": {},
            "types": {},
            "parent": 0,
            "type": "function",
            "function": "readint",
            "return_type": "integer"
        },
        {
            "variables": {
                "a": {
                    "type": "integer",
                    "line": 22
                }
            },
            "functions": {},
            "types": {},
            "parent": 0,
            "type": "function",
            "function": "base16",
            "return_type": "null"
        }
    ],
    "ast": {
        "id": "module",
        "statements": [
            {
                "id": "fn",
                "title": "writeint",
                "parameters": [
                    {
                        "type": "integer",
                        "name": "nr",
                        "line": 3,
                        "symbol": 1
                    }
                ],
                "return_type": "null",
                "statements": [
                    {
                        "type": "empty"
                    }
                ],
                "line": 6,
                "symbol": 1
            },
            {
                "id": "fn",
                "title": "writechar",
                "parameters": [
                    {
                        "type": "character",
                        "name": "char",
                        "line": 8,
                        "symbol": 2
                    }
                ],
                "return_type": "null",
                "statements": [
                    {
                        "type": "empty"
                    }
                ],
                "line": 11,
                "symbol": 2
            },
            {
                "id": "fn",
                "title": "readint",
                "parameters": [],
                "return_type": "integer",
                "statements": [
                    {
                        "type": "empty"
                    }
                ],
                "line": 16,
                "symbol": 3
            },
            {
                "id": "def",
                "elements": [
                    {
                        "type": "integer",
                        "title": "number",
                        "line": 18
                    }
                ],
                "line": 18,
                "symbol": 0
            },
            {
                "id": "fn",
                "title": "base16",
                "parameters": [
                    {
                        "type": "integer",
                        "name": "number",
                        "line": 20,
                        "symbol": 4
                    }
                ],
                "return_type": "null",
                "statements": [
                    {
                        "id": "def",
                        "elements": [
                            {
                                "type": "integer",
                                "title": "a",
                                "line": 22
                            }
                        ],
                        "line": 22,
                        "symbol": 4
                    },
                    {
                        "id": "if",
                        "exp": {
                            "id": "exp",
                            "op": ">",
                            "left": {
                                "id": "identifier",
                                "title": "number",
                                "line": 23,
                                "symbol": 4,
                                "type": "integer"
                            },
                            "right": {
                                "id": "value",
                                "type": "integer",
                                "value": 0,
                                "line": 23,
                                "symbol": 4
                            },
                            "line": 23,
                            "symbol": 4,
                            "type": "logic"
                        },
                        "then": [
                            {
                                "id": "function_call",
                                "function": "base16",
                                "parameters": {
                                    "number": {
                                        "id": "exp",
                                        "op": "/",
                                        "left": {
                                            "id": "identifier",
                                            "title": "number",
                                            "line": 24,
                                            "symbol": 4,
                                            "type": "integer"
                                        },
                                        "right": {
                                            "id": "value",
                                            "type": "integer",
                                            "value": 16,
                                            "line": 24,
                                            "symbol": 4
                                        },
                                        "line": 24,
                                        "symbol": 4,
                                        "type": "integer"
                                    }
                                },
                                "line": 24,
                                "symbol": 4,
                                "type": "null"
                            },
                            {
                                "id": "set",
                                "to": {
                                    "id": "identifier",
                                    "title": "a",
                                    "line": 25,
                                    "symbol": 4,
                                    "type": "integer"
                                },
                                "from": {
                                    "id": "exp",
                                    "op": "mod",
                                    "left": {
                                        "id": "identifier",
                                        "title": "number",
                                        "line": 25,
                                        "symbol": 4,
                                        "type": "integer"
                                    },
                                    "right": {
                                        "id": "value",
                                        "type": "integer",
                                        "value": 16,
                                        "line": 25,
                                        "symbol": 4
                                    },
                                    "line": 25,
                                    "symbol": 4,
                                    "type": "integer"
                                },
                                "line": 25,
                                "symbol": 4
                            },
                            {
                                "id": "if",
                                "exp": {
                                    "id": "exp",
                                    "op": ">=",
                                    "left": {
                                        "id": "identifier",
                                        "title": "a",
                                        "line": 26,
                                        "symbol": 4,
                                        "type": "integer"
                                    },
                                    "right": {
                                        "id": "value",
                                        "type": "integer",
                                        "value": 10,
                                        "line": 26,
                                        "symbol": 4
                                    },
                                    "line": 26,
                                    "symbol": 4,
                                    "type": "logic"
                                },
                                "then": [
                                    {
                                        "id": "function_call",
                                        "function": "writechar",
                                        "parameters": {
                                            "char": {
                                                "id": "exp",
                                                "op": "-",
                                                "left": {
                                                    "id": "exp",
                                                    "op": "+",
                                                    "left": {
                                                        "id": "value",
                                                        "type": "character",
                                                        "value": "a",
                                                        "line": 27,
                                                        "symbol": 4
                                                    },
                                                    "right": {
                                                        "id": "identifier",
                                                        "title": "a",
                                                        "line": 27,
                                                        "symbol": 4,
                                                        "type": "integer"
                                                    },
                                                    "line": 27,
                                                    "symbol": 4,
                                                    "type": "integer"
                                                },
                                                "right": {
                                                    "id": "value",
                                                    "type": "integer",
                                                    "value": 10,
                                                    "line": 27,
                                                    "symbol": 4
                                                },
                                                "line": 27,
                                                "symbol": 4,
                                                "type": "integer"
                                            }
                                        },
                                        "line": 27,
                                        "symbol": 4,
                                        "type": "null"
                                    }
                                ],
                                "else": [
                                    {
                                        "id": "function_call",
                                        "function": "writechar",
                                        "parameters": {
                                            "char": {
                                                "id": "exp",
                                                "op": "+",
                                                "left": {
                                                    "id": "value",
                                                    "type": "character",
                                                    "value": "0",
                                                    "line": 29,
                                                    "symbol": 4
                                                },
                                                "right": {
                                                    "id": "identifier",
                                                    "title": "a",
                                                    "line": 29,
                                                    "symbol": 4,
                                                    "type": "integer"
                                                },
                                                "line": 29,
                                                "symbol": 4,
                                                "type": "integer"
                                            }
                                        },
                                        "line": 29,
                                        "symbol": 4,
                                        "type": "null"
                                    }
                                ],
                                "line": 30,
                                "symbol": 4
                            }
                        ],
                        "line": 31,
                        "symbol": 4
                    }
                ],
                "line": 32,
                "symbol": 4
            },
            {
                "id": "set",
                "to": {
                    "id": "identifier",
                    "title": "number",
                    "line": 34,
                    "symbol": 0,
                    "type": "integer"
                },
                "from": {
                    "id": "function_call",
                    "function": "readint",
                    "parameters": [],
                    "line": 34,
                    "symbol": 0,
                    "type": "integer"
                },
                "line": 34,
                "symbol": 0
            },
            {
                "id": "function_call",
                "function": "base16",
                "parameters": {
                    "number": {
                        "id": "identifier",
                        "title": "number",
                        "line": 36,
                        "symbol": 0,
                        "type": "integer"
                    }
                },
                "line": 36,
                "symbol": 0,
                "type": "null"
            }
        ],
        "line": 36,
        "symbol": 0
    },
    "error_list": []
}