{
    "symbol_table": [
        {
            "variables": {},
            "functions": {
                "sum": {
                    "type": "integer",
                    "parameters": [
                        {
                            "type": "integer",
                            "name": "n1",
                            "line": 4,
                            "symbol": 1
                        },
                        {
                            "type": "integer",
                            "name": "n2",
                            "line": 4,
                            "symbol": 1
                        }
                    ],
                    "symbol": 1,
                    "line": 4
                }
            },
            "types": {},
            "type": "module"
        }
    ],
    "ast": {
        "id": "module",
        "statements": [
            {
                "id": "fn",
                "title": "sum",
                "parameters": [
                    {
                        "type": "integer",
                        "name": "n1",
                        "line": 4,
                        "symbol": 1
                    },
                    {
                        "type": "integer",
                        "name": "n2",
                        "line": 4,
                        "symbol": 1
                    }
                ],
                "return_type": "integer",
                "statements": [
                    {
                        "id": "exp",
                        "op": "+",
                        "left": {
                            "id": "identifier",
                            "title": "n1",
                            "line": 4,
                            "symbol": 0
                        },
                        "right": {
                            "id": "identifier",
                            "title": "n2",
                            "line": 4,
                            "symbol": 0
                        },
                        "line": 4,
                        "symbol": 0
                    }
                ],
                "line": 4
            }
        ],
        "line": 4,
        "symbol": 0
    },
    "error_list": []
}