{
    "symbol_table": [
        {
            "variables": {
                "a": {
                    "type": "integer",
                    "line": 3
                }
            },
            "functions": {},
            "types": {},
            "type": "module"
        }
    ],
    "ast": {
        "id": "module",
        "statements": [
            {
                "id": "def",
                "elements": [
                    {
                        "type": "integer",
                        "title": "a",
                        "line": 3
                    }
                ],
                "line": 3,
                "symbol": 0
            },
            {
                "id": "set",
                "to": {
                    "id": "identifier",
                    "title": "a",
                    "line": 5,
                    "symbol": 0,
                    "type": "integer"
                },
                "from": {
                    "id": "value",
                    "type": "integer",
                    "value": 190,
                    "line": 5,
                    "symbol": 0
                },
                "line": 5,
                "symbol": 0
            },
            {
                "id": "def",
                "elements": [
                    {
                        "type": "integer",
                        "title": "a",
                        "line": 7
                    }
                ],
                "line": 7,
                "symbol": 0
            }
        ],
        "line": 7,
        "symbol": 0
    },
    "error_list": []
}